<?xml version="1.0" encoding="UTF-8" standalone="yes"?>
<storyboard>
	<tour label="Display news on the website" />
	<steps>
		<step target="#form_type">
			<position_difference top="20" left="100" />
			<text>Choose in the list the option "News".</text>
		</step>
		<step target="#form_addContent">
			<position_difference top="20" left="30" />
			<text>Press on the plus button to confirm your choice and create it. The news will now display on this page of the website.</text>
		</step>
	</steps>
</storyboard>