<?xml version="1.0" encoding="UTF-8" standalone="yes"?>
<storyboard>
	<tour label="Display a list of all available website languages on the website" />
	<steps>
		<step target="#advanced ul.tabs li:eq(2)" condition="clicked">
			<position_difference top="20" left="20" />
			<text>Go to the "Modul"-Tab.</text>
		</step>
		<step target="#advanced div.actions input#form_submit">
			<position_difference top="-230" left="10" />
			<text>Activate the "Language selection".</text>
		</step>
		<step target="#advanced div.actions input#form_submit">
			<position_difference top="-140" left="60" />
			<text>Save the settings. The selection is now visible on the website.</text>
		</step>
	</steps>
</storyboard>