<?xml version="1.0" encoding="UTF-8" standalone="yes"?>
<storyboard>
	<tour label="Display a list of all available website languages on the website" />
	<steps>
		<step target="#form_submit">
			<position_difference top="-60" left="120" />
			<text>Create a language version.</text>
		</step>
		<step target="#language_list">
			<position_difference top="10" left="320" />
			<text>Drag and drop the entries to the order you like it.</text>
		</step>
		<step target=".tabs li:eq(5)" redirect_by_click="admin/advanced#tour=language_version_show_frontend_2">
			<position_difference top="20" left="60" />
			<text>Open the "Advanced settings".</text>
		</step>
	</steps>
</storyboard>