<?xml version="1.0" encoding="UTF-8" standalone="yes"?>
<storyboard>
	<tour label="Ein neues Benutzerkonto anlegen" />
	<steps>
		<step target="#form_username">
			<position_difference top="20" left="100" />
			<text>Geben Sie Ihren Benutzernamen ein.</text>
		</step>
		<step target="#form_password">
			<position_difference top="20" left="60" />
			<text>Geben Sie Ihr Passwort ein.</text>
		</step>
		<step target="#form_language">
			<position_difference top="20" left="60" />
			<text>Wählen Sie hier welche Systemsprache der Nutzer beim Einloggen haben soll.</text>
		</step>
		<step target="#form_admin">
			<position_difference top="10" left="10" />
			<text>Falls der Benutzeraccount alle Rechte haben soll, aktivieren Sie die Checkbox.</text>
		</step>
		<step target="input[name='global_language[]']:first">
			<position_difference top="20" left="60" />
			<text>Wählen Sie hier welche Sprachen der Website für den Benutzeraccount zugänglich sein sollen.</text>
		</step>
		<step target="#tabs_menu">
			<position_difference top="20" left="60" />
			<text>Wählen sie die Sprachversionen der Website aus. Dieser Bereich ist für die nicht-Admin Accounts. Hier können die Rechte vergeben werden.</text>
		</step>
		<step target="#tabs_menu">
			<position_difference top="120" left="60" />
			<text>Es ist möglich nur bestimmte Bereiche für einen Benutzeraccount sichtbar zu machen. Wählen Sie einfach die jeweiligen Bereiche aus.</text>
		</step>
		<step target="#form_submit">
			<position_difference top="20" left="120" />
			<text>Zum erstellen dieses Accounts diesen Button drücken.</text>
		</step>
	</steps>
</storyboard>