<?xml version="1.0" encoding="UTF-8" standalone="yes"?>
<storyboard>
	<tour label="Nachrichten darstellen auf der Website" />
	<steps>
		<step target="#form_type">
			<position_difference top="20" left="100" />
			<text>Wählen Sie in der Liste die option "Nachrichten" aus.</text>
		</step>
		<step target="#form_addContent">
			<position_difference top="20" left="30" />
			<text>Drücken sie auf das Plus um den neuen Inhalt hinzuzufügen. Nun sind die Nachrichten auf dieser Seite der Website zu sehen.</text>
		</step>
	</steps>
</storyboard>