<?xml version="1.0" encoding="UTF-8" standalone="yes"?>
<storyboard>
	<tour label="Eine neue Website für eine andere Sprache erstellen" />
	<steps>
		<step target="#form_label">
			<position_difference top="20" left="100" />
			<text>Geben Sie den Namen der Sprache ein (z.b Spanisch ).</text>
		</step>
		<step target="#form_prefix">
			<position_difference top="20" left="100" />
			<text>Geben Sie den kürzel der Sprache ein (z.b es).</text>
		</step>
		<step target="#form_submit">
			<position_difference top="20" left="60" />
			<text>Bestätigen Sie hier Ihre Eingabe</text>
		</step>
		<step target="#form_lang_prefix">
			<position_difference top="20" left="60" />
			<text>Wählen Sie hier die gewünschte Sprachversion aus.</text>
		</step>
		<step target="#form_change">
			<position_difference top="20" left="60" />
			<text>Drücken Sie auf den Button und Sie können die Inhalte der neuen Websiteversion bearbeiten.</text>
		</step>
	</steps>
</storyboard>