<?xml version="1.0" encoding="UTF-8" standalone="yes"?>
<storyboard>
	<tour label="Die Sprachversionen auf der Webseite zum auswählen darstellen." />
	<steps>
		<step target="#form_submit">
			<position_difference top="-60" left="120" />
			<text>Erstelle hier Sprachversionen.</text>
		</step>
		<step target="#language_list">
			<position_difference top="10" left="320" />
			<text>Verschiebe die Liste der Sprachversionen nach belieben mit Zeile gedrückt halten und an position ziehen.</text>
		</step>
		<step target=".tabs li:eq(5)" redirect_by_click="admin/advanced#tour=language_version_show_frontend_2">
			<position_difference top="20" left="60" />
			<text>Öffnen Sie die "Erweiterten Einstellungen".</text>
		</step>
	</steps>
</storyboard>